"id","core_project_id","core_db_connection_id","name","identifier","properties","created_by","updated_by","created_at","updated_at","params_object","column_properties","last_run_at","last_data_changed_at","count_of_queries","average_execution_time","size","slug","table_name"
3649,1,1,"PROVIDER Rijksmuseum - Providers Count","9d35a217e92ee36ce54ec37ea51d360148b59bddd98a0aa9b85f31352e60b2738a","""error""=>"""", ""query""=>""Select count(*) as value, '' as key, '' as content, 'Total Institutions' as title, '' as diff_in_value from impl_aggregation_relations where impl_parent_genre='provider' and impl_child_genre='data_provider' and impl_parent_id = '631'"", ""format""=>""json"", ""method""=>""get"", ""number_of_rows""=>""1"", ""number_of_columns""=>""5"", ""refresh_frequency""=>""0""",,,"2015-12-09 14:34:46.955147","2016-03-09 08:19:05.796294","{}","{""value"":{""data_type"":""integer"",""d_or_m"":""m"",""data_distribution"":{""string"":0,""boolean"":0,""float"":0,""integer"":1,""date"":0,""blank"":0}},""key"":{""data_type"":""string"",""d_or_m"":""d"",""data_distribution"":{""string"":0,""boolean"":0,""float"":0,""integer"":0,""date"":0,""blank"":1}},""content"":{""data_type"":""string"",""d_or_m"":""d"",""data_distribution"":{""string"":0,""boolean"":0,""float"":0,""integer"":0,""date"":0,""blank"":1}},""title"":{""data_type"":""string"",""d_or_m"":""d"",""data_distribution"":{""string"":1,""boolean"":0,""float"":0,""integer"":0,""date"":0,""blank"":0}},""diff_in_value"":{""data_type"":""string"",""d_or_m"":""d"",""data_distribution"":{""string"":0,""boolean"":0,""float"":0,""integer"":0,""date"":0,""blank"":1}}}","2016-03-09 08:19:05.794434","2015-12-09 14:35:27.752421",4,0.005986304,85,"rijksmuseum-providers-count",""
2200,1,1,"PROVIDER Rijksmuseum - Top Countries","fd3a5e600826e6594d3411856cf19024196552831f24ba54897c87e81050635c3c","""error""=>"""", ""query""=>""Select sum(ta.value) as size, b.code as iso2 from core_time_aggregations as ta, (Select o.id as output_id, value, code from impl_outputs o,ref_country_codes as code where o.impl_parent_id = 631 and o.genre='top_countries' and o.value = code.country) as b where ta.parent_id = b.output_id and split_part(ta.aggregation_level_value,'_',1)='2016' group by b.code order by size desc limit 10"", ""format""=>""json"", ""method""=>""get"", ""number_of_rows""=>""10"", ""number_of_columns""=>""2"", ""refresh_frequency""=>""0""",,,"2015-12-02 14:15:21.956715","2016-03-09 08:21:38.716776","{}","{""size"":{""data_type"":""integer"",""d_or_m"":""m"",""data_distribution"":{""string"":0,""boolean"":0,""float"":0,""integer"":10,""date"":0,""blank"":0}},""iso2"":{""data_type"":""string"",""d_or_m"":""d"",""data_distribution"":{""string"":10,""boolean"":0,""float"":0,""integer"":0,""date"":0,""blank"":0}}}","2016-03-09 08:21:38.715273","2016-03-09 08:21:38.703666",19,10.7188603673238,275,"rijksmuseum-top-countries",""
15664,1,1,"DATA PROVIDER Diputaci贸 de Barcelona - Media Type Donut Chart","f48795dd800307208171e4036ece77bb336c2b9c034455e0f3d12807ad53d31932","""error""=>"""", ""query""=>""Select name, value as weight from core_time_aggregations INNER JOIN (Select id as impl_output_id, value as name from impl_outputs where impl_parent_id = 145 and genre = 'top_media_types') as io on parent_id = impl_output_id and parent_type = 'Impl::Output' where aggregation_level_value = '2016_March'"", ""format""=>""json"", ""method""=>""get"", ""number_of_rows""=>""3"", ""number_of_columns""=>""2"", ""refresh_frequency""=>""0""",,,"2016-02-27 10:47:02.986368","2016-03-09 11:18:34.121952","{}","{""name"":{""data_type"":""string"",""d_or_m"":""d"",""data_distribution"":{""string"":3,""boolean"":0,""float"":0,""integer"":0,""date"":0,""blank"":0}},""weight"":{""data_type"":""integer"",""d_or_m"":""m"",""data_distribution"":{""string"":0,""boolean"":0,""float"":0,""integer"":3,""date"":0,""blank"":0}}}","2016-03-09 11:18:34.120687","2016-02-27 11:11:37.097233",5,0.012467,96,"data-provider-diputacio-de-barcelona-media-type-donut-chart",""
3647,1,1,"PROVIDER Rijksmuseum - Reusables","e87a65fdf8585273e3512a0e82c75b894f50e5be2593e388f689d89a17e9ef7c3c","""error""=>"""", ""query""=>""Select name, value as weight from core_time_aggregations INNER JOIN (Select id as impl_output_id, value as name from impl_outputs where impl_parent_id = 631 and genre = 'top_reusables') as io on parent_id = impl_output_id and parent_type = 'Impl::Output' where aggregation_level_value = '2016_March'"", ""format""=>""json"", ""method""=>""get"", ""number_of_rows""=>""2"", ""number_of_columns""=>""2"", ""refresh_frequency""=>""0""",,,"2015-12-09 14:34:46.882293","2016-03-09 08:22:05.144729","{}","{""name"":{""data_type"":""string"",""d_or_m"":""d"",""data_distribution"":{""string"":2,""boolean"":0,""float"":0,""integer"":0,""date"":0,""blank"":0}},""weight"":{""data_type"":""integer"",""d_or_m"":""m"",""data_distribution"":{""string"":0,""boolean"":0,""float"":0,""integer"":2,""date"":0,""blank"":0}}}","2016-03-09 08:22:05.143278","2015-12-09 14:34:47.109883",20,0.101295385,70,"rijksmuseum-reusables",""
5410,1,1,"DATA PROVIDER DANS-KNAW - Media Type Donut Chart","0eebf4319f81961c2de9179ecbc8fc3752fe1ae8018e1819d6284513fa2dfc6b1d","""error""=>"""", ""query""=>""Select name, value as weight from core_time_aggregations INNER JOIN (Select id as impl_output_id, value as name from impl_outputs where impl_parent_id = 630 and genre = 'top_media_types') as io on parent_id = impl_output_id and parent_type = 'Impl::Output' where aggregation_level_value = '2016_March'"", ""format""=>""json"", ""method""=>""get"", ""number_of_rows""=>""1"", ""number_of_columns""=>""2"", ""refresh_frequency""=>""0""",,,"2015-12-10 21:47:56.467583","2016-03-09 10:46:47.987844","{}","{""name"":{""data_type"":""string"",""d_or_m"":""d"",""data_distribution"":{""string"":1,""boolean"":0,""float"":0,""integer"":0,""date"":0,""blank"":0}},""weight"":{""data_type"":""integer"",""d_or_m"":""m"",""data_distribution"":{""string"":0,""boolean"":0,""float"":0,""integer"":1,""date"":0,""blank"":0}}}","2016-03-09 10:46:47.986451","2015-12-10 21:49:41.601833",4,0.13046422,33,"dans-knaw-media-type-donut-chart",""
5397,1,1,"DATA PROVIDER DANS-KNAW - Top Countries","5e4ec4a6d61c3d568f6ce17abb3f4012a947874718fb11e0f194766e9e15c65164","""error""=>"""", ""query""=>""Select sum(ta.value) as size, b.code as iso2 from core_time_aggregations as ta, (Select o.id as output_id, value, code from impl_outputs o,ref_country_codes as code where o.impl_parent_id = 630 and o.genre='top_countries' and o.value = code.country) as b where ta.parent_id = b.output_id and split_part(ta.aggregation_level_value,'_',1)='2016' group by b.code order by size desc limit 10"", ""format""=>""json"", ""method""=>""get"", ""number_of_rows""=>""7"", ""number_of_columns""=>""2"", ""refresh_frequency""=>""0""",,,"2015-12-10 21:47:56.337555","2016-03-09 10:46:47.970313","{}","{""size"":{""data_type"":""integer"",""d_or_m"":""m"",""data_distribution"":{""string"":0,""boolean"":0,""float"":0,""integer"":7,""date"":0,""blank"":0}},""iso2"":{""data_type"":""string"",""d_or_m"":""d"",""data_distribution"":{""string"":7,""boolean"":0,""float"":0,""integer"":0,""date"":0,""blank"":0}}}","2016-03-09 10:46:47.968883","2016-03-09 10:46:47.960319",4,2.03389131033333,178,"dans-knaw-top-countries",""
2202,1,1,"PROVIDER Rijksmuseum - Top Digital Objects","d0bc87ac7eb9034d02b9f93da3da73edba0bb8aa48dd14ad2f2596d0725eebe454","""error""=>"""", ""query""=>""Select year,month, value,image_url,title_url,title  from (Select split_part(ta.aggregation_level_value,'_',1) as year, split_part(ta.aggregation_level_value, '_',2) as month, sum(ta.value) as value,ta.aggregation_index, output_properties -> 'image_url' as image_url, output_properties -> 'title_url' as title_url, output_value as title, ROW_NUMBER() OVER (PARTITION BY  split_part(ta.aggregation_level_value,'_',1), split_part(ta.aggregation_level_value, '_',2) order by split_part(ta.aggregation_level_value,'_',1), split_part(ta.aggregation_level_value, '_',2), sum(value) desc) AS row  from core_time_aggregations ta, (Select o.id as output_id, o.key as output_key, o.value as output_value, o.properties as output_properties from impl_outputs o where o.impl_parent_id = 631 and genre='top_digital_objects') as b where ta.parent_id = b.output_id group by split_part(ta.aggregation_level_value,'_',1), split_part(ta.aggregation_level_value, '_',2), ta.aggregation_value_to_display, ta.metric,ta.aggregation_index, output_properties -> 'image_url', output_properties -> 'title_url', output_value order by split_part(ta.aggregation_level_value,'_',1), split_part(ta.aggregation_level_value, '_',2), value desc) as final_output where row < 25 and year::integer in (2014,2015,2016);"", ""format""=>""json"", ""method""=>""get"", ""number_of_rows""=>""568"", ""number_of_columns""=>""6"", ""refresh_frequency""=>""0""",,,"2015-12-02 14:15:21.990551","2016-03-09 08:22:53.403919","{}","{""year"":{""data_type"":""integer"",""d_or_m"":""m"",""data_distribution"":{""string"":0,""boolean"":0,""float"":0,""integer"":568,""date"":0,""blank"":0}},""month"":{""data_type"":""string"",""d_or_m"":""d"",""data_distribution"":{""string"":568,""boolean"":0,""float"":0,""integer"":0,""date"":0,""blank"":0}},""value"":{""data_type"":""integer"",""d_or_m"":""m"",""data_distribution"":{""string"":0,""boolean"":0,""float"":0,""integer"":568,""date"":0,""blank"":0}},""image_url"":{""data_type"":""string"",""d_or_m"":""d"",""data_distribution"":{""string"":568,""boolean"":0,""float"":0,""integer"":0,""date"":0,""blank"":0}},""title_url"":{""data_type"":""string"",""d_or_m"":""d"",""data_distribution"":{""string"":568,""boolean"":0,""float"":0,""integer"":0,""date"":0,""blank"":0}},""title"":{""data_type"":""string"",""d_or_m"":""d"",""data_distribution"":{""string"":568,""boolean"":0,""float"":0,""integer"":0,""date"":0,""blank"":0}}}","2016-03-09 08:22:53.402362","2016-03-09 08:22:53.355517",19,2.33078577917174,185001,"rijksmuseum-top-digital-objects",""
5417,1,1,"DATA PROVIDER DANS-KNAW - Reusables","944b4e95dbe0d4106cf8ee28ea483692f1ea6e73733d8812d39bbd89ea4750f245","""error""=>"""", ""query""=>""Select name, value as weight from core_time_aggregations INNER JOIN (Select id as impl_output_id, value as name from impl_outputs where impl_parent_id = 630 and genre = 'top_reusables') as io on parent_id = impl_output_id and parent_type = 'Impl::Output' where aggregation_level_value = '2016_March'"", ""format""=>""json"", ""method""=>""get"", ""number_of_rows""=>""1"", ""number_of_columns""=>""2"", ""refresh_frequency""=>""0""",,,"2015-12-10 21:47:56.508506","2016-03-09 10:46:48.00527","{}","{""name"":{""data_type"":""string"",""d_or_m"":""d"",""data_distribution"":{""string"":1,""boolean"":0,""float"":0,""integer"":0,""date"":0,""blank"":0}},""weight"":{""data_type"":""integer"",""d_or_m"":""m"",""data_distribution"":{""string"":0,""boolean"":0,""float"":0,""integer"":1,""date"":0,""blank"":0}}}","2016-03-09 10:46:48.004079","2015-12-10 21:49:42.041646",4,0.138307405,39,"dans-knaw-reusables",""
3910,1,1,"DATA PROVIDER Diputaci贸 de Barcelona - Reusables","fffe6d577bb549e96af5bf8741df6146f2adae09514398fb3e64c241f4edd76244","""error""=>"""", ""query""=>""Select name, value as weight from core_time_aggregations INNER JOIN (Select id as impl_output_id, value as name from impl_outputs where impl_parent_id = 145 and genre = 'top_reusables') as io on parent_id = impl_output_id and parent_type = 'Impl::Output' where aggregation_level_value = '2016_March'"", ""format""=>""json"", ""method""=>""get"", ""number_of_rows""=>""1"", ""number_of_columns""=>""2"", ""refresh_frequency""=>""0""",,,"2015-12-10 09:34:03.284561","2016-03-09 11:18:34.171509","{}","{""name"":{""data_type"":""string"",""d_or_m"":""d"",""data_distribution"":{""string"":1,""boolean"":0,""float"":0,""integer"":0,""date"":0,""blank"":0}},""weight"":{""data_type"":""integer"",""d_or_m"":""m"",""data_distribution"":{""string"":0,""boolean"":0,""float"":0,""integer"":1,""date"":0,""blank"":0}}}","2016-03-09 11:18:34.170197","2016-02-08 21:29:29.665674",13,0.640949306419444,39,"diputacio-de-barcelona-reusables",""
5404,1,1,"DATA PROVIDER DANS-KNAW - Top Digital Objects","a3faf4b36f2c3d5fb803aec78d98bbe18aad145954677f3b5c55e615dc1d05d112","""error""=>"""", ""query""=>""Select year,month, value,image_url,title_url,title  from (Select split_part(ta.aggregation_level_value,'_',1) as year, split_part(ta.aggregation_level_value, '_',2) as month, sum(ta.value) as value,ta.aggregation_index, output_properties -> 'image_url' as image_url, output_properties -> 'title_url' as title_url, output_value as title, ROW_NUMBER() OVER (PARTITION BY  split_part(ta.aggregation_level_value,'_',1), split_part(ta.aggregation_level_value, '_',2) order by split_part(ta.aggregation_level_value,'_',1), split_part(ta.aggregation_level_value, '_',2), sum(value) desc) AS row  from core_time_aggregations ta, (Select o.id as output_id, o.key as output_key, o.value as output_value, o.properties as output_properties from impl_outputs o where o.impl_parent_id = 630 and genre='top_digital_objects') as b where ta.parent_id = b.output_id group by split_part(ta.aggregation_level_value,'_',1), split_part(ta.aggregation_level_value, '_',2), ta.aggregation_value_to_display, ta.metric,ta.aggregation_index, output_properties -> 'image_url', output_properties -> 'title_url', output_value order by split_part(ta.aggregation_level_value,'_',1), split_part(ta.aggregation_level_value, '_',2), value desc) as final_output where row < 25 and year::integer in (2014,2015,2016);"", ""format""=>""json"", ""method""=>""get"", ""number_of_rows""=>""57"", ""number_of_columns""=>""6"", ""refresh_frequency""=>""0""",,,"2015-12-10 21:47:56.425145","2016-03-09 10:46:48.012645","{}","{""year"":{""data_type"":""integer"",""d_or_m"":""m"",""data_distribution"":{""string"":0,""boolean"":0,""float"":0,""integer"":57,""date"":0,""blank"":0}},""month"":{""data_type"":""string"",""d_or_m"":""d"",""data_distribution"":{""string"":57,""boolean"":0,""float"":0,""integer"":0,""date"":0,""blank"":0}},""value"":{""data_type"":""integer"",""d_or_m"":""m"",""data_distribution"":{""string"":0,""boolean"":0,""float"":0,""integer"":57,""date"":0,""blank"":0}},""image_url"":{""data_type"":""string"",""d_or_m"":""d"",""data_distribution"":{""string"":57,""boolean"":0,""float"":0,""integer"":0,""date"":0,""blank"":0}},""title_url"":{""data_type"":""string"",""d_or_m"":""d"",""data_distribution"":{""string"":57,""boolean"":0,""float"":0,""integer"":0,""date"":0,""blank"":0}},""title"":{""data_type"":""string"",""d_or_m"":""d"",""data_distribution"":{""string"":57,""boolean"":0,""float"":0,""integer"":0,""date"":0,""blank"":0}}}","2016-03-09 10:46:48.011406","2016-03-09 10:46:47.999281",4,0.659621113333333,16731,"dans-knaw-top-digital-objects",""
5425,1,1,"DATA PROVIDER DANS-KNAW - Line Chart","6bdd9bb1c8fcb20bb6d223c3e640ae8d18147ca154fed5dbd4352f05dcef505a6c","""error""=>"""", ""query""=>""Select name, x,y from (Select split_part(ta.aggregation_level_value,'_',1) as year,split_part(ta.aggregation_level_value,'_',1) as name,aggregation_value_to_display as x,sum(ta.value) as y  from core_time_aggregations ta join (Select o.id as output_id from impl_outputs o where impl_parent_id = 630  and genre='pageviews') as b  on parent_type='Impl::Output' and parent_id = output_id group by ta.aggregation_level_value,aggregation_value_to_display order by split_part(ta.aggregation_level_value,'_',1),to_date(aggregation_value_to_display,'Month')) as final_output where (year::integer < 2016 or x <> 'March') and year::integer > 2012;"", ""format""=>""json"", ""method""=>""get"", ""number_of_rows""=>""38"", ""number_of_columns""=>""3"", ""refresh_frequency""=>""0""",,,"2015-12-10 21:47:56.550493","2016-03-16 12:51:39.684668","{}","{""name"":{""data_type"":""integer"",""d_or_m"":""m"",""data_distribution"":{""string"":0,""boolean"":0,""float"":0,""integer"":38,""date"":0,""blank"":0}},""x"":{""data_type"":""string"",""d_or_m"":""d"",""data_distribution"":{""string"":38,""boolean"":0,""float"":0,""integer"":0,""date"":0,""blank"":0}},""y"":{""data_type"":""integer"",""d_or_m"":""m"",""data_distribution"":{""string"":0,""boolean"":0,""float"":0,""integer"":38,""date"":0,""blank"":0}}}","2016-03-16 12:51:39.682581","2016-03-16 12:51:39.667542",5,0.822325693333333,1440,"dans-knaw-line-chart",""
15653,1,1,"DATA PROVIDER Diputaci贸 de Barcelona - Top Countries","4b08b931d619d7a49ad4ee98bbf6c2d6bcf15cb7423e7446159ec09f5ed9f767ba","""error""=>"""", ""query""=>""Select sum(ta.value) as size, b.code as iso2 from core_time_aggregations as ta, (Select o.id as output_id, value, code from impl_outputs o,ref_country_codes as code where o.impl_parent_id = 145 and o.genre='top_countries' and o.value = code.country) as b where ta.parent_id = b.output_id and split_part(ta.aggregation_level_value,'_',1)='2016' group by b.code order by size desc limit 10"", ""format""=>""json"", ""method""=>""get"", ""number_of_rows""=>""7"", ""number_of_columns""=>""2"", ""refresh_frequency""=>""0""",,,"2016-02-27 10:47:01.987941","2016-03-09 11:27:37.035713","{}","{""size"":{""data_type"":""integer"",""d_or_m"":""m"",""data_distribution"":{""string"":0,""boolean"":0,""float"":0,""integer"":7,""date"":0,""blank"":0}},""iso2"":{""data_type"":""string"",""d_or_m"":""d"",""data_distribution"":{""string"":7,""boolean"":0,""float"":0,""integer"":0,""date"":0,""blank"":0}}}","2016-03-09 11:27:37.033618","2016-03-09 11:27:37.020875",5,1.07167846791667,177,"data-provider-diputacio-de-barcelona-top-countries",""
553,1,1,"COUNTRY france - Media Type Donut Chart","c3c1b9ef811f22f8159ab2be4c06e20a2ec427ce0ef39b4b2b80cdd9a29b311967","""error""=>"""", ""query""=>""Select name, value as weight from core_time_aggregations INNER JOIN (Select id as impl_output_id, value as name from impl_outputs where impl_parent_id = 200 and genre = 'top_media_types') as io on parent_id = impl_output_id and parent_type = 'Impl::Output' where aggregation_level_value = '2016_March'"", ""format""=>""json"", ""method""=>""get"", ""number_of_rows""=>""5"", ""number_of_columns""=>""2"", ""refresh_frequency""=>""0""",,,"2015-11-27 21:56:19.154476","2016-03-09 07:07:28.095901","{}","{""name"":{""data_type"":""string"",""d_or_m"":""d"",""data_distribution"":{""string"":5,""boolean"":0,""float"":0,""integer"":0,""date"":0,""blank"":0}},""weight"":{""data_type"":""integer"",""d_or_m"":""m"",""data_distribution"":{""string"":0,""boolean"":0,""float"":0,""integer"":5,""date"":0,""blank"":0}}}","2016-03-09 07:07:28.0907","2016-03-04 05:42:21.68284",6,16.7965795818333,170,"france-media-type-donut-chart",""
15661,1,1,"DATA PROVIDER Diputaci贸 de Barcelona - Top Digital Objects","9d2f293aa59d18c32bb013d9d2cf2ae333dba3730a63a045dd4ee28e051d9b040b","""error""=>"""", ""query""=>""Select year,month, value,image_url,title_url,title  from (Select split_part(ta.aggregation_level_value,'_',1) as year, split_part(ta.aggregation_level_value, '_',2) as month, sum(ta.value) as value,ta.aggregation_index, output_properties -> 'image_url' as image_url, output_properties -> 'title_url' as title_url, output_value as title, ROW_NUMBER() OVER (PARTITION BY  split_part(ta.aggregation_level_value,'_',1), split_part(ta.aggregation_level_value, '_',2) order by split_part(ta.aggregation_level_value,'_',1), split_part(ta.aggregation_level_value, '_',2), sum(value) desc) AS row  from core_time_aggregations ta, (Select o.id as output_id, o.key as output_key, o.value as output_value, o.properties as output_properties from impl_outputs o where o.impl_parent_id = 145 and genre='top_digital_objects') as b where ta.parent_id = b.output_id group by split_part(ta.aggregation_level_value,'_',1), split_part(ta.aggregation_level_value, '_',2), ta.aggregation_value_to_display, ta.metric,ta.aggregation_index, output_properties -> 'image_url', output_properties -> 'title_url', output_value order by split_part(ta.aggregation_level_value,'_',1), split_part(ta.aggregation_level_value, '_',2), value desc) as final_output where row < 25 and year::integer in (2014,2015,2016);"", ""format""=>""json"", ""method""=>""get"", ""number_of_rows""=>""58"", ""number_of_columns""=>""6"", ""refresh_frequency""=>""0""",,,"2016-02-27 10:47:02.526154","2016-03-09 11:21:33.501179","{}","{""year"":{""data_type"":""integer"",""d_or_m"":""m"",""data_distribution"":{""string"":0,""boolean"":0,""float"":0,""integer"":58,""date"":0,""blank"":0}},""month"":{""data_type"":""string"",""d_or_m"":""d"",""data_distribution"":{""string"":58,""boolean"":0,""float"":0,""integer"":0,""date"":0,""blank"":0}},""value"":{""data_type"":""integer"",""d_or_m"":""m"",""data_distribution"":{""string"":0,""boolean"":0,""float"":0,""integer"":58,""date"":0,""blank"":0}},""image_url"":{""data_type"":""string"",""d_or_m"":""d"",""data_distribution"":{""string"":58,""boolean"":0,""float"":0,""integer"":0,""date"":0,""blank"":0}},""title_url"":{""data_type"":""string"",""d_or_m"":""d"",""data_distribution"":{""string"":58,""boolean"":0,""float"":0,""integer"":0,""date"":0,""blank"":0}},""title"":{""data_type"":""string"",""d_or_m"":""d"",""data_distribution"":{""string"":58,""boolean"":0,""float"":0,""integer"":0,""date"":0,""blank"":0}}}","2016-03-09 11:21:33.49874","2016-03-09 11:21:33.480722",5,1.87916857291667,19857,"data-provider-diputacio-de-barcelona-top-digital-objects",""
547,1,1,"COUNTRY france - Top Countries","4dd4616b899b26cd0baee3b36fe448447ae7de88add0620cd86e7779dc929717b5","""error""=>"""", ""query""=>""Select sum(ta.value) as size, b.code as iso2 from core_time_aggregations as ta, (Select o.id as output_id, value, code from impl_outputs o,ref_country_codes as code where o.impl_parent_id = 200 and o.genre='top_countries' and o.value = code.country) as b where ta.parent_id = b.output_id and split_part(ta.aggregation_level_value,'_',1)='2016' group by b.code order by size desc limit 10"", ""format""=>""json"", ""method""=>""get"", ""number_of_rows""=>""10"", ""number_of_columns""=>""2"", ""refresh_frequency""=>""0""",,,"2015-11-27 21:56:19.082418","2016-03-09 07:07:32.434251","{}","{""size"":{""data_type"":""integer"",""d_or_m"":""m"",""data_distribution"":{""string"":0,""boolean"":0,""float"":0,""integer"":10,""date"":0,""blank"":0}},""iso2"":{""data_type"":""string"",""d_or_m"":""d"",""data_distribution"":{""string"":10,""boolean"":0,""float"":0,""integer"":0,""date"":0,""blank"":0}}}","2016-03-09 07:07:32.433085","2016-03-09 07:07:32.386718",63,2.15653789822881,282,"france-top-countries",""
556,1,1,"COUNTRY france - Item View","f06969f18839aaca40017b53b598f9bef4a0a8ca00ad27839ef4e3c81233bb6bce","""error""=>"""", ""query""=>""Select split_part(ta.aggregation_level_value,'_',1) as x,sum(ta.value) as y  from core_time_aggregations ta join (Select o.id as output_id from impl_outputs o where impl_parent_id = 200  and genre='item_views') as b  on parent_type='Impl::Output' and parent_id = output_id group by split_part(ta.aggregation_level_value,'_',1) order by split_part(ta.aggregation_level_value,'_',1)"", ""format""=>""json"", ""method""=>""get"", ""number_of_rows""=>""5"", ""number_of_columns""=>""2"", ""refresh_frequency""=>""0""",,,"2015-11-27 21:56:19.188741","2016-03-04 06:08:39.857949","{}","{""x"":{""data_type"":""integer"",""d_or_m"":""m"",""data_distribution"":{""string"":0,""boolean"":0,""float"":0,""integer"":5,""date"":0,""blank"":0}},""y"":{""data_type"":""integer"",""d_or_m"":""m"",""data_distribution"":{""string"":0,""boolean"":0,""float"":0,""integer"":5,""date"":0,""blank"":0}}}","2016-03-04 06:08:39.856067","2016-03-04 06:08:39.846967",59,0.145550427256264,130,"france-item-view",""
226,1,1,"PROVIDER LoCloud - Media Type Donut Chart","0e1fe71da2a2ba9af02daf8d4d61e936e0cf27b3101f043fb5f2ec87571e2b4b66","""error""=>"""", ""query""=>""Select name, value as weight from core_time_aggregations INNER JOIN (Select id as impl_output_id, value as name from impl_outputs where impl_parent_id = 115 and genre = 'top_media_types') as io on parent_id = impl_output_id and parent_type = 'Impl::Output' where aggregation_level_value = '2016_March'"", ""format""=>""json"", ""method""=>""get"", ""number_of_rows""=>""5"", ""number_of_columns""=>""2"", ""refresh_frequency""=>""0""",,,"2015-11-27 21:43:53.130809","2016-03-09 08:12:37.664159","{}","{""name"":{""data_type"":""string"",""d_or_m"":""d"",""data_distribution"":{""string"":5,""boolean"":0,""float"":0,""integer"":0,""date"":0,""blank"":0}},""weight"":{""data_type"":""integer"",""d_or_m"":""m"",""data_distribution"":{""string"":0,""boolean"":0,""float"":0,""integer"":5,""date"":0,""blank"":0}}}","2016-03-09 08:12:37.661716","2016-03-04 06:29:51.59663",51,0.485044957558975,163,"locloud-media-type-donut-chart",""
558,1,1,"COUNTRY france - Search Terms","4346a8385b21a9beab64d73cb462b580f3a53b0738091815e8c91677239afdd9d5","""error""=>"""", ""query""=>""Select sum(ta.value) as value,output_value from core_time_aggregations ta, (Select o.id as output_id, o.value as output_value from impl_outputs o where o.impl_parent_id in (250,244,219,205,203,202,229,224,223,210,231,237,222,238,236,221,245,240,226,227,243,248,209,215,241,239,217,249,213,247,225,208,235,201,252,211,233,206,220,207) and genre='top_searchKeywords') as b where ta.parent_id = b.output_id and split_part(ta.aggregation_level_value,'_',1)='2015' group by output_value order by value desc limit 10"", ""format""=>""json"", ""method""=>""get"", ""number_of_rows""=>""0"", ""number_of_columns""=>""2"", ""refresh_frequency""=>""0""",,,"2015-11-27 21:56:19.255964","2016-03-04 06:08:39.439393","{}","{}","2016-03-04 06:08:39.437577","2016-03-04 06:08:39.429279",58,0.439837085123088,2,"france-search-terms",""
15782,1,1,"Europeana - Countries Count","ededbb3b384bc670ad64aae9730295f799ca0d68debc4c79a7f5325a31f184cb92","""error""=>"""", ""query""=>""Select cta.value, '' as key, '' as content, 'Total Countries' as title, '' as diff_in_value,io.genre  from impl_outputs io INNER JOIN  core_time_aggregations cta on parent_id = io.id and parent_type = 'Impl::Output' and io.impl_parent_id = 1 and genre = 'top_country_counts' and split_part(aggregation_level_value,'_',1) = '2016' and split_part(aggregation_level_value,'_',2) = 'March'"", ""format""=>""json"", ""method""=>""get"", ""number_of_rows""=>""1"", ""number_of_columns""=>""6"", ""refresh_frequency""=>""0""",,,"2016-03-04 05:06:56.951371","2016-03-08 05:36:36.3122","{}","{""value"":{""data_type"":""integer"",""d_or_m"":""m"",""data_distribution"":{""string"":0,""boolean"":0,""float"":0,""integer"":1,""date"":0,""blank"":0}},""key"":{""data_type"":""string"",""d_or_m"":""d"",""data_distribution"":{""string"":0,""boolean"":0,""float"":0,""integer"":0,""date"":0,""blank"":1}},""content"":{""data_type"":""string"",""d_or_m"":""d"",""data_distribution"":{""string"":0,""boolean"":0,""float"":0,""integer"":0,""date"":0,""blank"":1}},""title"":{""data_type"":""string"",""d_or_m"":""d"",""data_distribution"":{""string"":1,""boolean"":0,""float"":0,""integer"":0,""date"":0,""blank"":0}},""diff_in_value"":{""data_type"":""string"",""d_or_m"":""d"",""data_distribution"":{""string"":0,""boolean"":0,""float"":0,""integer"":0,""date"":0,""blank"":1}},""genre"":{""data_type"":""string"",""d_or_m"":""d"",""data_distribution"":{""string"":1,""boolean"":0,""float"":0,""integer"":0,""date"":0,""blank"":0}}}","2016-03-08 05:36:36.306719","2016-03-08 05:36:36.291095",2,0.034112381,112,"europeana-countries-count-e1916e05-a735-4060-90ab-e70ba9c19b44",""
15783,1,1,"Europeana - Providers Count","f63b6137fa84e1cb35451b42818377f0a483d0d7f976bc9eb06f2c99a10c1636d0","""error""=>"""", ""query""=>""Select cta.value, '' as key, '' as content, 'Total Providers' as title, '' as diff_in_value,io.genre  from impl_outputs io INNER JOIN  core_time_aggregations cta on parent_id = io.id and parent_type = 'Impl::Output' and io.impl_parent_id = 1 and genre = 'top_provider_counts' and split_part(aggregation_level_value,'_',1) = '2016' and split_part(aggregation_level_value,'_',2) = 'March'"", ""format""=>""json"", ""method""=>""get"", ""number_of_rows""=>""1"", ""number_of_columns""=>""6"", ""refresh_frequency""=>""0""",,,"2016-03-04 05:06:56.977069","2016-03-08 05:36:36.321025","{}","{""value"":{""data_type"":""integer"",""d_or_m"":""m"",""data_distribution"":{""string"":0,""boolean"":0,""float"":0,""integer"":1,""date"":0,""blank"":0}},""key"":{""data_type"":""string"",""d_or_m"":""d"",""data_distribution"":{""string"":0,""boolean"":0,""float"":0,""integer"":0,""date"":0,""blank"":1}},""content"":{""data_type"":""string"",""d_or_m"":""d"",""data_distribution"":{""string"":0,""boolean"":0,""float"":0,""integer"":0,""date"":0,""blank"":1}},""title"":{""data_type"":""string"",""d_or_m"":""d"",""data_distribution"":{""string"":1,""boolean"":0,""float"":0,""integer"":0,""date"":0,""blank"":0}},""diff_in_value"":{""data_type"":""string"",""d_or_m"":""d"",""data_distribution"":{""string"":0,""boolean"":0,""float"":0,""integer"":0,""date"":0,""blank"":1}},""genre"":{""data_type"":""string"",""d_or_m"":""d"",""data_distribution"":{""string"":1,""boolean"":0,""float"":0,""integer"":0,""date"":0,""blank"":0}}}","2016-03-08 05:36:36.31539","2016-03-08 05:36:36.295069",2,0.019708614,114,"europeana-providers-count-b2f19d2f-65d1-4c6a-b046-4c50896b0b39",""
15787,1,1,"Europeana - Top Countries","de7f1a413b8e1a26ca60bc62e2ee28f47aa92fde7915b89103910081a50468f71e","""error""=>"""", ""query""=>""Select sum(ta.value) as size, b.code as iso2 from core_time_aggregations as ta, (Select o.id as output_id, value, code from impl_outputs o,ref_country_codes as code where o.impl_parent_id = 1 and o.genre='top_countries' and o.value = code.country) as b where ta.parent_id = b.output_id and split_part(ta.aggregation_level_value,'_',1)='2016' group by b.code order by size desc limit 10"", ""format""=>""json"", ""method""=>""get"", ""number_of_rows""=>""10"", ""number_of_columns""=>""2"", ""refresh_frequency""=>""0""",,,"2016-03-04 05:06:57.07592","2016-03-08 05:36:41.684889","{}","{""size"":{""data_type"":""integer"",""d_or_m"":""m"",""data_distribution"":{""string"":0,""boolean"":0,""float"":0,""integer"":10,""date"":0,""blank"":0}},""iso2"":{""data_type"":""string"",""d_or_m"":""d"",""data_distribution"":{""string"":10,""boolean"":0,""float"":0,""integer"":0,""date"":0,""blank"":0}}}","2016-03-08 05:36:41.682223","2016-03-08 05:36:41.6391",2,8.89772312,299,"europeana-top-countries-ccfb36de-46b7-4fe8-95ca-c962ce006d6b",""
10,1,1,"COUNTRY spain - Item View","0f2396966c9c652c83d20cd4202c1f853af22660ee78a26b7f03ee029ce3b94fcd","""error""=>"""", ""query""=>""Select split_part(ta.aggregation_level_value,'_',1) as x,sum(ta.value) as y  from core_time_aggregations ta join (Select o.id as output_id from impl_outputs o where impl_parent_id = 2  and genre='item_views') as b  on parent_type='Impl::Output' and parent_id = output_id group by split_part(ta.aggregation_level_value,'_',1) order by split_part(ta.aggregation_level_value,'_',1)"", ""format""=>""json"", ""method""=>""get"", ""number_of_rows""=>""5"", ""number_of_columns""=>""2"", ""refresh_frequency""=>""0""",,,"2015-11-27 21:39:35.986354","2016-03-04 06:08:34.541016","{}","{""x"":{""data_type"":""integer"",""d_or_m"":""m"",""data_distribution"":{""string"":0,""boolean"":0,""float"":0,""integer"":5,""date"":0,""blank"":0}},""y"":{""data_type"":""integer"",""d_or_m"":""m"",""data_distribution"":{""string"":0,""boolean"":0,""float"":0,""integer"":5,""date"":0,""blank"":0}}}","2016-03-04 06:08:34.539168","2016-03-04 06:08:34.531141",154,0.0896459526859964,130,"spain-item-view",""
550,1,1,"COUNTRY france - Top Digital Objects","5370762d83109fa699f63883d7cb9d11430a2ce25ae3d226482081f9342b3a1d9f","""error""=>"""", ""query""=>""Select year,month, value,image_url,title_url,title  from (Select split_part(ta.aggregation_level_value,'_',1) as year, split_part(ta.aggregation_level_value, '_',2) as month, sum(ta.value) as value,ta.aggregation_index, output_properties -> 'image_url' as image_url, output_properties -> 'title_url' as title_url, output_value as title, ROW_NUMBER() OVER (PARTITION BY  split_part(ta.aggregation_level_value,'_',1), split_part(ta.aggregation_level_value, '_',2) order by split_part(ta.aggregation_level_value,'_',1), split_part(ta.aggregation_level_value, '_',2), sum(value) desc) AS row  from core_time_aggregations ta, (Select o.id as output_id, o.key as output_key, o.value as output_value, o.properties as output_properties from impl_outputs o where o.impl_parent_id = 200 and genre='top_digital_objects') as b where ta.parent_id = b.output_id group by split_part(ta.aggregation_level_value,'_',1), split_part(ta.aggregation_level_value, '_',2), ta.aggregation_value_to_display, ta.metric,ta.aggregation_index, output_properties -> 'image_url', output_properties -> 'title_url', output_value order by split_part(ta.aggregation_level_value,'_',1), split_part(ta.aggregation_level_value, '_',2), value desc) as final_output where row < 25 and year::integer in (2014,2015,2016);"", ""format""=>""json"", ""method""=>""get"", ""number_of_rows""=>""582"", ""number_of_columns""=>""6"", ""refresh_frequency""=>""0""",,,"2015-11-27 21:56:19.121288","2016-03-09 07:07:28.34628","{}","{""year"":{""data_type"":""integer"",""d_or_m"":""m"",""data_distribution"":{""string"":0,""boolean"":0,""float"":0,""integer"":582,""date"":0,""blank"":0}},""month"":{""data_type"":""string"",""d_or_m"":""d"",""data_distribution"":{""string"":582,""boolean"":0,""float"":0,""integer"":0,""date"":0,""blank"":0}},""value"":{""data_type"":""integer"",""d_or_m"":""m"",""data_distribution"":{""string"":0,""boolean"":0,""float"":0,""integer"":582,""date"":0,""blank"":0}},""image_url"":{""data_type"":""string"",""d_or_m"":""d"",""data_distribution"":{""string"":582,""boolean"":0,""float"":0,""integer"":0,""date"":0,""blank"":0}},""title_url"":{""data_type"":""string"",""d_or_m"":""d"",""data_distribution"":{""string"":582,""boolean"":0,""float"":0,""integer"":0,""date"":0,""blank"":0}},""title"":{""data_type"":""string"",""d_or_m"":""d"",""data_distribution"":{""string"":582,""boolean"":0,""float"":0,""integer"":0,""date"":0,""blank"":0}}}","2016-03-09 07:07:28.34467","2016-03-09 07:07:28.302575",62,1.52005347847783,234635,"france-top-digital-objects",""
14,1,1,"COUNTRY spain - Search Terms","a59199bdcfad527f2eed63d0547d882f55cb760566e1d6f504bc8536c2af7cfff5","""error""=>"""", ""query""=>""Select sum(ta.value) as value,output_value from core_time_aggregations ta, (Select o.id as output_id, o.value as output_value from impl_outputs o where o.impl_parent_id in (195,61,42,62,35,21,56,10,16,46,49,4,25,47,15,45,14,53,17,24,13,164,5,6,58,52,39,57,43,30,59,8,26,11,37,44,34,31,51,7,32,167,12,54,117,65,95,84,120,70,55,88,86,124,116,122,66,72,77,69,63,82,112,96,83,74,79,75,100,93,99,85,110,98,64,87,106,182,190,128,153,71,160,146,187,143,139,157,141,183,151,165,175,125,178,155,73,50,28,148,197,78,119,114,163,192,20,27,133,40,19,102,67,81,76,41,9,18,130,127,80,135,68,170,173,38,199,90,180,137,48,36,89,94,185,33,22,29,23,105,60,111,108,104,145,92) and genre='top_searchKeywords') as b where ta.parent_id = b.output_id and split_part(ta.aggregation_level_value,'_',1)='2015' group by output_value order by value desc limit 10"", ""format""=>""json"", ""method""=>""get"", ""number_of_rows""=>""0"", ""number_of_columns""=>""2"", ""refresh_frequency""=>""0""",,,"2015-11-27 21:39:36.067261","2016-03-04 06:08:35.592054","{}","{}","2016-03-04 06:08:35.590129","2016-03-04 06:08:35.577156",148,0.122438682744443,2,"spain-search-terms",""
557,1,1,"COUNTRY france - Reusables","94fecc0653bd77289ef8bfa9497c4fa64a5a42349fc3911cca799119fb329e745c","""error""=>"""", ""query""=>""Select name, value as weight from core_time_aggregations INNER JOIN (Select id as impl_output_id, value as name from impl_outputs where impl_parent_id = 200 and genre = 'top_reusables') as io on parent_id = impl_output_id and parent_type = 'Impl::Output' where aggregation_level_value = '2016_March'"", ""format""=>""json"", ""method""=>""get"", ""number_of_rows""=>""3"", ""number_of_columns""=>""2"", ""refresh_frequency""=>""0""",,,"2015-11-27 21:56:19.22132","2016-03-09 07:07:28.103054","{}","{""name"":{""data_type"":""string"",""d_or_m"":""d"",""data_distribution"":{""string"":3,""boolean"":0,""float"":0,""integer"":0,""date"":0,""blank"":0}},""weight"":{""data_type"":""integer"",""d_or_m"":""m"",""data_distribution"":{""string"":0,""boolean"":0,""float"":0,""integer"":3,""date"":0,""blank"":0}}}","2016-03-09 07:07:28.094512","2016-03-04 05:42:21.723217",6,16.8282004886667,117,"france-reusables",""
16,1,1,"COUNTRY spain - Visits","18c5d7d95df770981610525a08b730bfcf7778cacbad227e5ff12e16555ca17d50","""error""=>"""", ""query""=>""Select sum(value) as value, '' as key, '' as content, 'Total Visits in 2015' as title, '' as diff_in_value from core_time_aggregations where parent_id in (Select io.id as output_id from impl_outputs io join impl_aggregations ia on impl_parent_id=ia.id and ia.id in (195,61,42,62,35,21,56,10,16,46,49,4,25,47,15,45,14,53,17,24,13,164,5,6,58,52,39,57,43,30,59,8,26,11,37,44,34,31,51,7,32,167,12,54,117,65,95,84,120,70,55,88,86,124,116,122,66,72,77,69,63,82,112,96,83,74,79,75,100,93,99,85,110,98,64,87,106,182,190,128,153,71,160,146,187,143,139,157,141,183,151,165,175,125,178,155,73,50,28,148,197,78,119,114,163,192,20,27,133,40,19,102,67,81,76,41,9,18,130,127,80,135,68,170,173,38,199,90,180,137,48,36,89,94,185,33,22,29,23,105,60,111,108,104,145,92) and io.genre='visits') and split_part(aggregation_level_value,'_',1)='2015'"", ""format""=>""json"", ""method""=>""get"", ""number_of_rows""=>""1"", ""number_of_columns""=>""5"", ""refresh_frequency""=>""0""",,,"2015-11-27 21:39:36.099481","2016-03-04 06:08:35.300706","{}","{""value"":{""data_type"":""integer"",""d_or_m"":""m"",""data_distribution"":{""string"":0,""boolean"":0,""float"":0,""integer"":1,""date"":0,""blank"":0}},""key"":{""data_type"":""string"",""d_or_m"":""d"",""data_distribution"":{""string"":0,""boolean"":0,""float"":0,""integer"":0,""date"":0,""blank"":1}},""content"":{""data_type"":""string"",""d_or_m"":""d"",""data_distribution"":{""string"":0,""boolean"":0,""float"":0,""integer"":0,""date"":0,""blank"":1}},""title"":{""data_type"":""string"",""d_or_m"":""d"",""data_distribution"":{""string"":1,""boolean"":0,""float"":0,""integer"":0,""date"":0,""blank"":0}},""diff_in_value"":{""data_type"":""string"",""d_or_m"":""d"",""data_distribution"":{""string"":0,""boolean"":0,""float"":0,""integer"":0,""date"":0,""blank"":1}}}","2016-03-04 06:08:35.298559","2016-03-04 06:08:35.243041",153,0.0644155493947358,92,"spain-visits",""
559,1,1,"COUNTRY france - Visits","8a64f0c9aa5c883b885ec890e837abf5f4bd7021c99948ea7f17fe986b47c693ca","""error""=>"""", ""query""=>""Select sum(value) as value, '' as key, '' as content, 'Total Visits in 2015' as title, '' as diff_in_value from core_time_aggregations where parent_id in (Select io.id as output_id from impl_outputs io join impl_aggregations ia on impl_parent_id=ia.id and ia.id in (250,244,219,205,203,202,229,224,223,210,231,237,222,238,236,221,245,240,226,227,243,248,209,215,241,239,217,249,213,247,225,208,235,201,252,211,233,206,220,207) and io.genre='visits') and split_part(aggregation_level_value,'_',1)='2015'"", ""format""=>""json"", ""method""=>""get"", ""number_of_rows""=>""1"", ""number_of_columns""=>""5"", ""refresh_frequency""=>""0""",,,"2015-11-27 21:56:19.281028","2016-03-04 06:08:39.994956","{}","{""value"":{""data_type"":""integer"",""d_or_m"":""m"",""data_distribution"":{""string"":0,""boolean"":0,""float"":0,""integer"":1,""date"":0,""blank"":0}},""key"":{""data_type"":""string"",""d_or_m"":""d"",""data_distribution"":{""string"":0,""boolean"":0,""float"":0,""integer"":0,""date"":0,""blank"":1}},""content"":{""data_type"":""string"",""d_or_m"":""d"",""data_distribution"":{""string"":0,""boolean"":0,""float"":0,""integer"":0,""date"":0,""blank"":1}},""title"":{""data_type"":""string"",""d_or_m"":""d"",""data_distribution"":{""string"":1,""boolean"":0,""float"":0,""integer"":0,""date"":0,""blank"":0}},""diff_in_value"":{""data_type"":""string"",""d_or_m"":""d"",""data_distribution"":{""string"":0,""boolean"":0,""float"":0,""integer"":0,""date"":0,""blank"":1}}}","2016-03-04 06:08:39.97634","2016-03-04 06:08:39.953796",57,0.565058001684953,92,"france-visits",""
2206,1,1,"PROVIDER Rijksmuseum - Item View Line Chart","0178db79490a4da11e6c6ac8aeaf3b439af2c454d9c6711a413213b7d751796b5e","""error""=>"""", ""query""=>""Select split_part(ta.aggregation_level_value,'_',2) as x,output_genre as name, sum(ta.value) as y from core_time_aggregations as ta, (Select o.id as output_id,o.genre as output_genre from impl_outputs o where o.impl_parent_id = 632 and genre in ('item_views','click_throughs')) as b where ta.parent_id = b.output_id and split_part(ta.aggregation_level_value,'_',1)='2015' group by output_genre, split_part(ta.aggregation_level_value,'_',2) order by to_date(split_part(ta.aggregation_level_value,'_',2),'MONTH');"", ""format""=>""json"", ""method""=>""get"", ""number_of_rows""=>""24"", ""number_of_columns""=>""3"", ""refresh_frequency""=>""0""",,,"2015-12-02 14:15:22.063125","2016-03-04 06:53:35.309593","{}","{""x"":{""data_type"":""string"",""d_or_m"":""d"",""data_distribution"":{""string"":24,""boolean"":0,""float"":0,""integer"":0,""date"":0,""blank"":0}},""name"":{""data_type"":""string"",""d_or_m"":""d"",""data_distribution"":{""string"":24,""boolean"":0,""float"":0,""integer"":0,""date"":0,""blank"":0}},""y"":{""data_type"":""integer"",""d_or_m"":""m"",""data_distribution"":{""string"":0,""boolean"":0,""float"":0,""integer"":24,""date"":0,""blank"":0}}}","2016-03-04 06:53:35.307515","2016-03-04 06:53:35.29451",2,0.673475182,1152,"rijksmuseum-item-view-line-chart",""
227,1,1,"PROVIDER LoCloud - Item View Line Chart","c4105dc910223ff8e2ddcd9d070b863d619938c12687a739f6d34fd5746f964b9d","""error""=>"""", ""query""=>""Select split_part(ta.aggregation_level_value,'_',2) as x,output_genre as name, sum(ta.value) as y from core_time_aggregations as ta, (Select o.id as output_id,o.genre as output_genre from impl_outputs o where o.impl_parent_id in (5,117,116,224,468,960,959,999,944) and genre in ('item_views','click_throughs')) as b where ta.parent_id = b.output_id and split_part(ta.aggregation_level_value,'_',1)='2015' group by output_genre,split_part(ta.aggregation_level_value,'_',2) order by to_date(split_part(ta.aggregation_level_value,'_',2),'MONTH');"", ""format""=>""json"", ""method""=>""get"", ""number_of_rows""=>""24"", ""number_of_columns""=>""3"", ""refresh_frequency""=>""0""",,,"2015-11-27 21:43:53.163372","2016-03-04 06:53:59.384462","{}","{""x"":{""data_type"":""string"",""d_or_m"":""d"",""data_distribution"":{""string"":24,""boolean"":0,""float"":0,""integer"":0,""date"":0,""blank"":0}},""name"":{""data_type"":""string"",""d_or_m"":""d"",""data_distribution"":{""string"":24,""boolean"":0,""float"":0,""integer"":0,""date"":0,""blank"":0}},""y"":{""data_type"":""integer"",""d_or_m"":""m"",""data_distribution"":{""string"":0,""boolean"":0,""float"":0,""integer"":24,""date"":0,""blank"":0}}}","2016-03-04 06:53:59.38241","2016-03-04 06:53:59.35645",16,0.474015300891476,1112,"locloud-item-view-line-chart",""
2967,1,1,"PROVIDER LoCloud - Reusables","7a27ebb33c6f42d341f9e8439b6587440e6e0bb79ccd47573f1b23b3565058e04a","""error""=>"""", ""query""=>""Select name, value as weight from core_time_aggregations INNER JOIN (Select id as impl_output_id, value as name from impl_outputs where impl_parent_id = 115 and genre = 'top_reusables') as io on parent_id = impl_output_id and parent_type = 'Impl::Output' where aggregation_level_value = '2016_March'"", ""format""=>""json"", ""method""=>""get"", ""number_of_rows""=>""3"", ""number_of_columns""=>""2"", ""refresh_frequency""=>""0""",,,"2015-12-08 07:53:57.934846","2016-03-09 08:12:37.684742","{}","{""name"":{""data_type"":""string"",""d_or_m"":""d"",""data_distribution"":{""string"":3,""boolean"":0,""float"":0,""integer"":0,""date"":0,""blank"":0}},""weight"":{""data_type"":""integer"",""d_or_m"":""m"",""data_distribution"":{""string"":0,""boolean"":0,""float"":0,""integer"":3,""date"":0,""blank"":0}}}","2016-03-09 08:12:37.682912","2016-03-04 06:29:51.598062",44,0.611386188758569,116,"locloud-reusables",""
15781,1,1,"Europeana - Top Digital Objects","cb556e5e18aa8e9d9e1a0192592b4811c6ad42f71c076f18d36b93f656f8188b28","""error""=>"""", ""query""=>""Select year,month, value,image_url,title_url,title  from (Select split_part(ta.aggregation_level_value,'_',1) as year, split_part(ta.aggregation_level_value, '_',2) as month, sum(ta.value) as value,ta.aggregation_index, output_properties -> 'image_url' as image_url, output_properties -> 'title_url' as title_url, output_value as title, ROW_NUMBER() OVER (PARTITION BY  split_part(ta.aggregation_level_value,'_',1), split_part(ta.aggregation_level_value, '_',2) order by split_part(ta.aggregation_level_value,'_',1), split_part(ta.aggregation_level_value, '_',2), sum(value) desc) AS row  from core_time_aggregations ta, (Select o.id as output_id, o.key as output_key, o.value as output_value, o.properties as output_properties from impl_outputs o where o.impl_parent_id = 1 and genre='top_digital_objects') as b where ta.parent_id = b.output_id group by split_part(ta.aggregation_level_value,'_',1), split_part(ta.aggregation_level_value, '_',2), ta.aggregation_value_to_display, ta.metric,ta.aggregation_index, output_properties -> 'image_url', output_properties -> 'title_url', output_value order by split_part(ta.aggregation_level_value,'_',1), split_part(ta.aggregation_level_value, '_',2), value desc) as final_output where row < 25 and year::integer in (2014,2015,2016);"", ""format""=>""json"", ""method""=>""get"", ""number_of_rows""=>""360"", ""number_of_columns""=>""6"", ""refresh_frequency""=>""0""",,,"2016-03-04 05:06:56.927045","2016-03-08 05:36:36.560354","{}","{""year"":{""data_type"":""integer"",""d_or_m"":""m"",""data_distribution"":{""string"":0,""boolean"":0,""float"":0,""integer"":360,""date"":0,""blank"":0}},""month"":{""data_type"":""string"",""d_or_m"":""d"",""data_distribution"":{""string"":360,""boolean"":0,""float"":0,""integer"":0,""date"":0,""blank"":0}},""value"":{""data_type"":""integer"",""d_or_m"":""m"",""data_distribution"":{""string"":0,""boolean"":0,""float"":0,""integer"":360,""date"":0,""blank"":0}},""image_url"":{""data_type"":""string"",""d_or_m"":""d"",""data_distribution"":{""string"":360,""boolean"":0,""float"":0,""integer"":0,""date"":0,""blank"":0}},""title_url"":{""data_type"":""string"",""d_or_m"":""d"",""data_distribution"":{""string"":360,""boolean"":0,""float"":0,""integer"":0,""date"":0,""blank"":0}},""title"":{""data_type"":""string"",""d_or_m"":""d"",""data_distribution"":{""string"":360,""boolean"":0,""float"":0,""integer"":0,""date"":0,""blank"":0}}}","2016-03-08 05:36:36.555249","2016-03-08 05:36:36.507012",2,0.417628602,144903,"europeana-top-digital-objects-e61e8694-fcab-4bcb-9334-0197a28d1854",""
15784,1,1,"Europeana - Data Providers Count","284ffc8cb5b98a1c73f5051826e267dbef3cdbe38543a6361ebc8a66d8c65284e0","""error""=>"""", ""query""=>""Select 3521 as value, '' as key, '' as content, 'Total Data Providers' as title, '' as diff_in_value,io.genre  from impl_outputs io INNER JOIN  core_time_aggregations cta on parent_id = io.id and parent_type = 'Impl::Output' and io.impl_parent_id = 1 and genre = 'top_data_provider_counts' and split_part(aggregation_level_value,'_',1) = '2016' and split_part(aggregation_level_value,'_',2) = 'March'"", ""format""=>""json"", ""method""=>""get"", ""number_of_rows""=>""1"", ""number_of_columns""=>""6"", ""refresh_frequency""=>""0""",,,"2016-03-04 05:06:57.001514","2016-03-08 10:38:57.548173","{}","{""value"":{""data_type"":""integer"",""d_or_m"":""m"",""data_distribution"":{""string"":0,""boolean"":0,""float"":0,""integer"":1,""date"":0,""blank"":0}},""key"":{""data_type"":""string"",""d_or_m"":""d"",""data_distribution"":{""string"":0,""boolean"":0,""float"":0,""integer"":0,""date"":0,""blank"":1}},""content"":{""data_type"":""string"",""d_or_m"":""d"",""data_distribution"":{""string"":0,""boolean"":0,""float"":0,""integer"":0,""date"":0,""blank"":1}},""title"":{""data_type"":""string"",""d_or_m"":""d"",""data_distribution"":{""string"":1,""boolean"":0,""float"":0,""integer"":0,""date"":0,""blank"":0}},""diff_in_value"":{""data_type"":""string"",""d_or_m"":""d"",""data_distribution"":{""string"":0,""boolean"":0,""float"":0,""integer"":0,""date"":0,""blank"":1}},""genre"":{""data_type"":""string"",""d_or_m"":""d"",""data_distribution"":{""string"":1,""boolean"":0,""float"":0,""integer"":0,""date"":0,""blank"":0}}}","2016-03-08 10:38:57.544929","2016-03-08 10:38:57.506809",3,0.0212368865,125,"europeana-data-providers-count-1c56532a-5f68-412d-94d9-1c23ea066cb9",""
2204,1,1,"PROVIDER Rijksmuseum - Media Type Donut Chart","acfd86b98faac9de48ae7736ef381bee7621c31980424881fe605c5cf2e4d64482","""error""=>"""", ""query""=>""Select name, value as weight from core_time_aggregations INNER JOIN (Select id as impl_output_id, value as name from impl_outputs where impl_parent_id = 631 and genre = 'top_media_types') as io on parent_id = impl_output_id and parent_type = 'Impl::Output' where aggregation_level_value = '2016_March'"", ""format""=>""json"", ""method""=>""get"", ""number_of_rows""=>""1"", ""number_of_columns""=>""2"", ""refresh_frequency""=>""0""",,,"2015-12-02 14:15:22.033421","2016-03-09 08:21:01.160109","{}","{""name"":{""data_type"":""string"",""d_or_m"":""d"",""data_distribution"":{""string"":1,""boolean"":0,""float"":0,""integer"":0,""date"":0,""blank"":0}},""weight"":{""data_type"":""integer"",""d_or_m"":""m"",""data_distribution"":{""string"":0,""boolean"":0,""float"":0,""integer"":1,""date"":0,""blank"":0}}}","2016-03-09 08:21:01.154928","2015-12-02 14:16:23.265307",20,0.055119389,36,"rijksmuseum-media-type-donut-chart",""
561,1,1,"COUNTRY france - Providers Count","f47fb0a893760a2fe5a76b20bd55d21e06ba35a1adeea91f4e8f5398c0f11f717d","""error""=>"""", ""query""=>""Select count(*) as value, '' as key, '' as content, 'Total Institutions' as title, '' as diff_in_value from impl_aggregation_relations where impl_parent_genre='country' and impl_child_genre='data_provider' and impl_parent_id = '200'"", ""format""=>""json"", ""method""=>""get"", ""number_of_rows""=>""1"", ""number_of_columns""=>""5"", ""refresh_frequency""=>""0""",,,"2015-11-27 21:56:19.348275","2016-03-09 07:07:28.112943","{}","{""value"":{""data_type"":""integer"",""d_or_m"":""m"",""data_distribution"":{""string"":0,""boolean"":0,""float"":0,""integer"":1,""date"":0,""blank"":0}},""key"":{""data_type"":""string"",""d_or_m"":""d"",""data_distribution"":{""string"":0,""boolean"":0,""float"":0,""integer"":0,""date"":0,""blank"":1}},""content"":{""data_type"":""string"",""d_or_m"":""d"",""data_distribution"":{""string"":0,""boolean"":0,""float"":0,""integer"":0,""date"":0,""blank"":1}},""title"":{""data_type"":""string"",""d_or_m"":""d"",""data_distribution"":{""string"":1,""boolean"":0,""float"":0,""integer"":0,""date"":0,""blank"":0}},""diff_in_value"":{""data_type"":""string"",""d_or_m"":""d"",""data_distribution"":{""string"":0,""boolean"":0,""float"":0,""integer"":0,""date"":0,""blank"":1}}}","2016-03-09 07:07:28.111557","2016-03-04 06:08:39.901938",6,0.02203478975,86,"france-providers-count",""
224,1,1,"PROVIDER LoCloud - Top Countries","3c62308f88f969b13c3b9b6bcdbbfc50fdb9ba5054457e0cbbde6aa0778df9ccc6","""error""=>"""", ""query""=>""Select sum(ta.value) as size, b.code as iso2 from core_time_aggregations as ta, (Select o.id as output_id, value, code from impl_outputs o,ref_country_codes as code where o.impl_parent_id = 115 and o.genre='top_countries' and o.value = code.country) as b where ta.parent_id = b.output_id and split_part(ta.aggregation_level_value,'_',1)='2016' group by b.code order by size desc limit 10"", ""format""=>""json"", ""method""=>""get"", ""number_of_rows""=>""10"", ""number_of_columns""=>""2"", ""refresh_frequency""=>""0""",,,"2015-11-27 21:43:53.043102","2016-03-09 08:12:40.359834","{}","{""size"":{""data_type"":""integer"",""d_or_m"":""m"",""data_distribution"":{""string"":0,""boolean"":0,""float"":0,""integer"":10,""date"":0,""blank"":0}},""iso2"":{""data_type"":""boolean"",""d_or_m"":""d"",""data_distribution"":{""string"":9,""boolean"":1,""float"":0,""integer"":0,""date"":0,""blank"":0}}}","2016-03-09 08:12:40.357562","2016-03-09 08:12:40.343019",66,8.46777696780548,282,"locloud-top-countries",""
225,1,1,"PROVIDER LoCloud - Top Digital Objects","cc7a41ca9ed032bd1ca2cb27c0203caf36b91281f4c24aab63a4b1581339ca3312","""error""=>"""", ""query""=>""Select year,month, value,image_url,title_url,title  from (Select split_part(ta.aggregation_level_value,'_',1) as year, split_part(ta.aggregation_level_value, '_',2) as month, sum(ta.value) as value,ta.aggregation_index, output_properties -> 'image_url' as image_url, output_properties -> 'title_url' as title_url, output_value as title, ROW_NUMBER() OVER (PARTITION BY  split_part(ta.aggregation_level_value,'_',1), split_part(ta.aggregation_level_value, '_',2) order by split_part(ta.aggregation_level_value,'_',1), split_part(ta.aggregation_level_value, '_',2), sum(value) desc) AS row  from core_time_aggregations ta, (Select o.id as output_id, o.key as output_key, o.value as output_value, o.properties as output_properties from impl_outputs o where o.impl_parent_id = 115 and genre='top_digital_objects') as b where ta.parent_id = b.output_id group by split_part(ta.aggregation_level_value,'_',1), split_part(ta.aggregation_level_value, '_',2), ta.aggregation_value_to_display, ta.metric,ta.aggregation_index, output_properties -> 'image_url', output_properties -> 'title_url', output_value order by split_part(ta.aggregation_level_value,'_',1), split_part(ta.aggregation_level_value, '_',2), value desc) as final_output where row < 25 and year::integer in (2014,2015,2016);"", ""format""=>""json"", ""method""=>""get"", ""number_of_rows""=>""283"", ""number_of_columns""=>""6"", ""refresh_frequency""=>""0""",,,"2015-11-27 21:43:53.067394","2016-03-09 08:12:37.640322","{}","{""year"":{""data_type"":""integer"",""d_or_m"":""m"",""data_distribution"":{""string"":0,""boolean"":0,""float"":0,""integer"":283,""date"":0,""blank"":0}},""month"":{""data_type"":""string"",""d_or_m"":""d"",""data_distribution"":{""string"":283,""boolean"":0,""float"":0,""integer"":0,""date"":0,""blank"":0}},""value"":{""data_type"":""integer"",""d_or_m"":""m"",""data_distribution"":{""string"":0,""boolean"":0,""float"":0,""integer"":283,""date"":0,""blank"":0}},""image_url"":{""data_type"":""string"",""d_or_m"":""d"",""data_distribution"":{""string"":283,""boolean"":0,""float"":0,""integer"":0,""date"":0,""blank"":0}},""title_url"":{""data_type"":""string"",""d_or_m"":""d"",""data_distribution"":{""string"":283,""boolean"":0,""float"":0,""integer"":0,""date"":0,""blank"":0}},""title"":{""data_type"":""string"",""d_or_m"":""d"",""data_distribution"":{""string"":283,""boolean"":0,""float"":0,""integer"":0,""date"":0,""blank"":0}}}","2016-03-09 08:12:37.638741","2016-03-09 08:12:37.604291",68,1.64752551135999,103491,"locloud-top-digital-objects",""
2969,1,1,"PROVIDER LoCloud - Providers Count","d0ec97735610e5320c44703decc4dbd78d627a8fa0b0045d5495ff94f497f1cf54","""error""=>"""", ""query""=>""Select count(*) as value, '' as key, '' as content, 'Total Institutions' as title, '' as diff_in_value from impl_aggregation_relations where impl_parent_genre='provider' and impl_child_genre='data_provider' and impl_parent_id = '115'"", ""format""=>""json"", ""method""=>""get"", ""number_of_rows""=>""1"", ""number_of_columns""=>""5"", ""refresh_frequency""=>""0""",,,"2015-12-08 07:53:58.157692","2016-03-09 08:12:37.757135","{}","{""value"":{""data_type"":""integer"",""d_or_m"":""m"",""data_distribution"":{""string"":0,""boolean"":0,""float"":0,""integer"":1,""date"":0,""blank"":0}},""key"":{""data_type"":""string"",""d_or_m"":""d"",""data_distribution"":{""string"":0,""boolean"":0,""float"":0,""integer"":0,""date"":0,""blank"":1}},""content"":{""data_type"":""string"",""d_or_m"":""d"",""data_distribution"":{""string"":0,""boolean"":0,""float"":0,""integer"":0,""date"":0,""blank"":1}},""title"":{""data_type"":""string"",""d_or_m"":""d"",""data_distribution"":{""string"":1,""boolean"":0,""float"":0,""integer"":0,""date"":0,""blank"":0}},""diff_in_value"":{""data_type"":""string"",""d_or_m"":""d"",""data_distribution"":{""string"":0,""boolean"":0,""float"":0,""integer"":0,""date"":0,""blank"":1}}}","2016-03-09 08:12:37.755643","2016-03-09 08:12:37.744956",42,0.0640595275321218,87,"locloud-providers-count",""
2968,1,1,"PROVIDER LoCloud - Line Chart","461a6a5e988a84cc176b509a815d202d18b7ae02e0dbd8713b400cf169a6131827","""error""=>"""", ""query""=>""Select name, x,y from (Select split_part(ta.aggregation_level_value,'_',1) as year,split_part(ta.aggregation_level_value,'_',1) as name,aggregation_value_to_display as x,sum(ta.value) as y  from core_time_aggregations ta join (Select o.id as output_id from impl_outputs o where impl_parent_id = 115  and genre='pageviews') as b  on parent_type='Impl::Output' and parent_id = output_id group by ta.aggregation_level_value,aggregation_value_to_display order by split_part(ta.aggregation_level_value,'_',1),to_date(aggregation_value_to_display,'Month')) as final_output where (year::integer < 2016 or x <> 'March') and year::integer > 2012;"", ""format""=>""json"", ""method""=>""get"", ""number_of_rows""=>""38"", ""number_of_columns""=>""3"", ""refresh_frequency""=>""0""",,,"2015-12-08 07:53:57.966654","2016-03-16 12:50:52.11642","{}","{""name"":{""data_type"":""integer"",""d_or_m"":""m"",""data_distribution"":{""string"":0,""boolean"":0,""float"":0,""integer"":38,""date"":0,""blank"":0}},""x"":{""data_type"":""string"",""d_or_m"":""d"",""data_distribution"":{""string"":38,""boolean"":0,""float"":0,""integer"":0,""date"":0,""blank"":0}},""y"":{""data_type"":""integer"",""d_or_m"":""m"",""data_distribution"":{""string"":0,""boolean"":0,""float"":0,""integer"":38,""date"":0,""blank"":0}}}","2016-03-16 12:50:52.115159","2016-03-16 12:50:52.098071",56,3.60722928145619,1465,"locloud-line-chart",""
560,1,1,"COUNTRY france - Line Chart","f78cf0df68b9a39e5be5fbf207472c9647a0b28562e64919203a7130b7bfe50b0e","""error""=>"""", ""query""=>""Select name, x,y from (Select split_part(ta.aggregation_level_value,'_',1) as year,split_part(ta.aggregation_level_value,'_',1) as name,aggregation_value_to_display as x,sum(ta.value) as y  from core_time_aggregations ta join (Select o.id as output_id from impl_outputs o where impl_parent_id = 200  and genre='pageviews') as b  on parent_type='Impl::Output' and parent_id = output_id group by ta.aggregation_level_value,aggregation_value_to_display order by split_part(ta.aggregation_level_value,'_',1),to_date(aggregation_value_to_display,'Month')) as final_output where (year::integer < 2016 or x <> 'March') and year::integer > 2012;"", ""format""=>""json"", ""method""=>""get"", ""number_of_rows""=>""38"", ""number_of_columns""=>""3"", ""refresh_frequency""=>""0""",,,"2015-11-27 21:56:19.313576","2016-03-16 12:49:57.878957","{}","{""name"":{""data_type"":""integer"",""d_or_m"":""m"",""data_distribution"":{""string"":0,""boolean"":0,""float"":0,""integer"":38,""date"":0,""blank"":0}},""x"":{""data_type"":""string"",""d_or_m"":""d"",""data_distribution"":{""string"":38,""boolean"":0,""float"":0,""integer"":0,""date"":0,""blank"":0}},""y"":{""data_type"":""integer"",""d_or_m"":""m"",""data_distribution"":{""string"":0,""boolean"":0,""float"":0,""integer"":38,""date"":0,""blank"":0}}}","2016-03-16 12:49:57.873739","2016-03-16 12:49:57.851897",61,0.505885893504215,1566,"france-line-chart",""
3648,1,1,"PROVIDER Rijksmuseum - Line Chart","52577424eaf51a93f507b527e608aaee78e7090a2fc3d229aa37688bb164de4b6c","""error""=>"""", ""query""=>""Select name, x,y from (Select split_part(ta.aggregation_level_value,'_',1) as year,split_part(ta.aggregation_level_value,'_',1) as name,aggregation_value_to_display as x,sum(ta.value) as y  from core_time_aggregations ta join (Select o.id as output_id from impl_outputs o where impl_parent_id = 631  and genre='pageviews') as b  on parent_type='Impl::Output' and parent_id = output_id group by ta.aggregation_level_value,aggregation_value_to_display order by split_part(ta.aggregation_level_value,'_',1),to_date(aggregation_value_to_display,'Month')) as final_output where (year::integer < 2016 or x <> 'March') and year::integer > 2012;"", ""format""=>""json"", ""method""=>""get"", ""number_of_rows""=>""38"", ""number_of_columns""=>""3"", ""refresh_frequency""=>""0""",,,"2015-12-09 14:34:46.923964","2016-03-16 12:50:53.376449","{}","{""name"":{""data_type"":""integer"",""d_or_m"":""m"",""data_distribution"":{""string"":0,""boolean"":0,""float"":0,""integer"":38,""date"":0,""blank"":0}},""x"":{""data_type"":""string"",""d_or_m"":""d"",""data_distribution"":{""string"":38,""boolean"":0,""float"":0,""integer"":0,""date"":0,""blank"":0}},""y"":{""data_type"":""integer"",""d_or_m"":""m"",""data_distribution"":{""string"":0,""boolean"":0,""float"":0,""integer"":38,""date"":0,""blank"":0}}}","2016-03-16 12:50:53.374081","2016-03-16 12:50:53.356196",21,2.24188026611114,1540,"rijksmuseum-line-chart",""
3911,1,1,"DATA PROVIDER Diputaci贸 de Barcelona - Line Chart","d01d26b887347e1aa9ede006023b8dec2ff5076f792bbc47965a6ba5de12674447","""error""=>"""", ""query""=>""Select name, x,y from (Select split_part(ta.aggregation_level_value,'_',1) as year,split_part(ta.aggregation_level_value,'_',1) as name,aggregation_value_to_display as x,sum(ta.value) as y  from core_time_aggregations ta join (Select o.id as output_id from impl_outputs o where impl_parent_id = 145  and genre='pageviews') as b  on parent_type='Impl::Output' and parent_id = output_id group by ta.aggregation_level_value,aggregation_value_to_display order by split_part(ta.aggregation_level_value,'_',1),to_date(aggregation_value_to_display,'Month')) as final_output where (year::integer < 2016 or x <> 'March') and year::integer > 2012;"", ""format""=>""json"", ""method""=>""get"", ""number_of_rows""=>""38"", ""number_of_columns""=>""3"", ""refresh_frequency""=>""0""",,,"2015-12-10 09:34:03.445527","2016-03-16 12:51:46.247003","{}","{""name"":{""data_type"":""integer"",""d_or_m"":""m"",""data_distribution"":{""string"":0,""boolean"":0,""float"":0,""integer"":38,""date"":0,""blank"":0}},""x"":{""data_type"":""string"",""d_or_m"":""d"",""data_distribution"":{""string"":38,""boolean"":0,""float"":0,""integer"":0,""date"":0,""blank"":0}},""y"":{""data_type"":""integer"",""d_or_m"":""m"",""data_distribution"":{""string"":0,""boolean"":0,""float"":0,""integer"":38,""date"":0,""blank"":0}}}","2016-03-16 12:51:46.245312","2016-03-16 12:51:46.228043",15,6.08035882989441,1424,"diputacio-de-barcelona-line-chart",""
18,1,1,"COUNTRY spain - Line Chart","73a218cfeeafbc4db46bca62340d9e931da4fa6b959629cece30dc531f0ccfba5a","""error""=>"""", ""query""=>""Select name, x,y from (Select split_part(ta.aggregation_level_value,'_',1) as year,split_part(ta.aggregation_level_value,'_',1) as name,aggregation_value_to_display as x,sum(ta.value) as y  from core_time_aggregations ta join (Select o.id as output_id from impl_outputs o where impl_parent_id = 2  and genre='pageviews') as b  on parent_type='Impl::Output' and parent_id = output_id group by ta.aggregation_level_value,aggregation_value_to_display order by split_part(ta.aggregation_level_value,'_',1),to_date(aggregation_value_to_display,'Month')) as final_output where (year::integer < 2016 or x <> 'May') and year::integer > 2012;"", ""format""=>""json"", ""method""=>""get"", ""number_of_rows""=>""39"", ""number_of_columns""=>""3"", ""refresh_frequency""=>""0""",,,"2015-11-27 21:39:36.157731","2016-05-04 05:49:13.826512","{}","{""name"":{""data_type"":""integer"",""d_or_m"":""m"",""data_distribution"":{""string"":0,""boolean"":0,""float"":0,""integer"":39,""date"":0,""blank"":0}},""x"":{""data_type"":""string"",""d_or_m"":""d"",""data_distribution"":{""string"":39,""boolean"":0,""float"":0,""integer"":0,""date"":0,""blank"":0}},""y"":{""data_type"":""integer"",""d_or_m"":""m"",""data_distribution"":{""string"":0,""boolean"":0,""float"":0,""integer"":39,""date"":0,""blank"":0}}}","2016-05-04 05:49:13.797995","2016-04-08 04:49:54.687873",161,0.248916912267126,1608,"spain-line-chart",""
12,1,1,"COUNTRY spain - Reusables","8a8e60211b3a0c21b7da1ec8fb9a7c0226387e7675f90b0db563d657fd2ff678a6","""error""=>"""", ""query""=>""Select name, value as weight from core_time_aggregations INNER JOIN (Select id as impl_output_id, value as name from impl_outputs where impl_parent_id = 2 and genre = 'top_reusables') as io on parent_id = impl_output_id and parent_type = 'Impl::Output' where aggregation_level_value = '2016_May'"", ""format""=>""json"", ""method""=>""get"", ""number_of_rows""=>""3"", ""number_of_columns""=>""2"", ""refresh_frequency""=>""0""",,,"2015-11-27 21:39:36.031022","2016-05-04 05:49:13.84038","{}","{""name"":{""data_type"":""string"",""d_or_m"":""d"",""data_distribution"":{""string"":3,""boolean"":0,""float"":0,""integer"":0,""date"":0,""blank"":0}},""weight"":{""data_type"":""integer"",""d_or_m"":""m"",""data_distribution"":{""string"":0,""boolean"":0,""float"":0,""integer"":3,""date"":0,""blank"":0}}}","2016-05-04 05:49:13.809341","2016-05-04 05:49:13.474156",9,0.071009335297619,117,"spain-reusables",""
7,1,1,"COUNTRY spain - Top Countries","1a08e1be9ff9bbb728521df12cb86bd8ab95d510d37fcf37e8d529b8e3b75e98d5","""error""=>"""", ""query""=>""Select sum(ta.value) as size, b.code as iso2, 'Pageviews' as tooltip_column_name from core_time_aggregations as ta, (Select o.id as output_id, value, code from impl_outputs o,ref_country_codes as code where o.impl_parent_id = 2 and o.genre='top_countries' and o.value = code.country) as b where ta.parent_id = b.output_id and split_part(ta.aggregation_level_value,'_',1)='2016' group by b.code order by size desc limit 10"", ""format""=>""json"", ""method""=>""get"", ""number_of_rows""=>""10"", ""number_of_columns""=>""3"", ""refresh_frequency""=>""0""",,,"2015-11-27 21:39:35.834727","2016-05-04 05:49:24.811007","{}","{""size"":{""data_type"":""integer"",""d_or_m"":""m"",""data_distribution"":{""string"":0,""boolean"":0,""float"":0,""integer"":10,""date"":0,""blank"":0}},""iso2"":{""data_type"":""string"",""d_or_m"":""d"",""data_distribution"":{""string"":10,""boolean"":0,""float"":0,""integer"":0,""date"":0,""blank"":0}},""tooltip_column_name"":{""data_type"":""string"",""d_or_m"":""d"",""data_distribution"":{""string"":10,""boolean"":0,""float"":0,""integer"":0,""date"":0,""blank"":0}}}","2016-05-04 05:49:24.803943","2016-04-08 04:50:07.631748",161,0.784575683749481,622,"spain-top-countries",""
9,1,1,"COUNTRY spain - Media Type Donut Chart","99c1e6eeda0363af1f368e07efcc6c0e5a214d57491a4946142e8f1c406bd313c8","""error""=>"""", ""query""=>""Select name, value as weight from core_time_aggregations INNER JOIN (Select id as impl_output_id, value as name from impl_outputs where impl_parent_id = 2 and genre = 'top_media_types') as io on parent_id = impl_output_id and parent_type = 'Impl::Output' where aggregation_level_value = '2016_May'"", ""format""=>""json"", ""method""=>""get"", ""number_of_rows""=>""5"", ""number_of_columns""=>""2"", ""refresh_frequency""=>""0""",,,"2015-11-27 21:39:35.942328","2016-05-04 05:49:13.834366","{}","{""name"":{""data_type"":""string"",""d_or_m"":""d"",""data_distribution"":{""string"":5,""boolean"":0,""float"":0,""integer"":0,""date"":0,""blank"":0}},""weight"":{""data_type"":""integer"",""d_or_m"":""m"",""data_distribution"":{""string"":0,""boolean"":0,""float"":0,""integer"":5,""date"":0,""blank"":0}}}","2016-05-04 05:49:13.806899","2016-05-04 05:49:13.472649",9,0.0900558682083333,171,"spain-media-type-donut-chart",""
15780,1,1,"Europeana - Line Chart","131a619910c8ebc20dd59d8e8189db957348443906e2d9322ad2d6abfe08893756","""error""=>"""", ""query""=>""Select name, x,y from (Select split_part(ta.aggregation_level_value,'_',1) as year,split_part(ta.aggregation_level_value,'_',1) as name,aggregation_value_to_display as x,sum(ta.value) as y  from core_time_aggregations ta join (Select o.id as output_id from impl_outputs o where impl_parent_id = 1  and genre='pageviews') as b  on parent_type='Impl::Output' and parent_id = output_id group by ta.aggregation_level_value,aggregation_value_to_display order by split_part(ta.aggregation_level_value,'_',1),to_date(aggregation_value_to_display,'Month')) as final_output where (year::integer < 2016 or x <> 'May') and year::integer > 2012;"", ""format""=>""json"", ""method""=>""get"", ""number_of_rows""=>""39"", ""number_of_columns""=>""3"", ""refresh_frequency""=>""0""",,,"2016-03-04 05:06:56.890891","2016-05-03 10:01:16.079675","{}","{""name"":{""data_type"":""integer"",""d_or_m"":""m"",""data_distribution"":{""string"":0,""boolean"":0,""float"":0,""integer"":39,""date"":0,""blank"":0}},""x"":{""data_type"":""string"",""d_or_m"":""d"",""data_distribution"":{""string"":39,""boolean"":0,""float"":0,""integer"":0,""date"":0,""blank"":0}},""y"":{""data_type"":""integer"",""d_or_m"":""m"",""data_distribution"":{""string"":0,""boolean"":0,""float"":0,""integer"":39,""date"":0,""blank"":0}}}","2016-05-03 10:01:16.07203","2016-05-03 10:01:15.8232",5,0.204189470083333,1650,"europeana-line-chart-bd8e0acd-fa07-43d2-9d4b-9caf7cca8cae",""
15785,1,1,"Europeana - Media Type Donut Chart","f1c4d323b7ad6b08598c0dc10942c3a424a479e2cfa80c2573f0e5de579fd969a1","""error""=>"""", ""query""=>""Select name, value as weight from core_time_aggregations INNER JOIN (Select id as impl_output_id, value as name from impl_outputs where impl_parent_id = 1 and genre = 'top_media_types') as io on parent_id = impl_output_id and parent_type = 'Impl::Output' where aggregation_level_value = '2016_May'"", ""format""=>""json"", ""method""=>""get"", ""number_of_rows""=>""5"", ""number_of_columns""=>""2"", ""refresh_frequency""=>""0""",,,"2016-03-04 05:06:57.026595","2016-05-03 10:01:25.682579","{}","{""name"":{""data_type"":""string"",""d_or_m"":""d"",""data_distribution"":{""string"":5,""boolean"":0,""float"":0,""integer"":0,""date"":0,""blank"":0}},""weight"":{""data_type"":""integer"",""d_or_m"":""m"",""data_distribution"":{""string"":0,""boolean"":0,""float"":0,""integer"":5,""date"":0,""blank"":0}}}","2016-05-03 10:01:25.673721","2016-05-03 10:01:25.598051",3,0.030105291,176,"europeana-media-type-donut-chart-9927f8d9-7530-4c16-84eb-8b933e2ed896",""
15786,1,1,"Europeana - Reusables","259477a2c76dd6c332660f085f823d6c358dbc2966f86948a248195ddc7c9fd879","""error""=>"""", ""query""=>""Select name, value as weight from core_time_aggregations INNER JOIN (Select id as impl_output_id, value as name from impl_outputs where impl_parent_id = 1 and genre = 'top_reusables') as io on parent_id = impl_output_id and parent_type = 'Impl::Output' where aggregation_level_value = '2016_May'"", ""format""=>""json"", ""method""=>""get"", ""number_of_rows""=>""3"", ""number_of_columns""=>""2"", ""refresh_frequency""=>""0""",,,"2016-03-04 05:06:57.051507","2016-05-03 10:01:31.164322","{}","{""name"":{""data_type"":""string"",""d_or_m"":""d"",""data_distribution"":{""string"":3,""boolean"":0,""float"":0,""integer"":0,""date"":0,""blank"":0}},""weight"":{""data_type"":""integer"",""d_or_m"":""m"",""data_distribution"":{""string"":0,""boolean"":0,""float"":0,""integer"":3,""date"":0,""blank"":0}}}","2016-05-03 10:01:31.161055","2016-05-03 10:01:31.153205",3,0.0294009085,120,"europeana-reusables-6e847a1a-47c1-4625-9d06-d9f03683f531",""
19,1,1,"COUNTRY spain - Providers Count","99ebeedda23ca7cb05e5abe18a5052f2c85fd493e5499906de45062fcfcec2254a","""error""=>"""", ""query""=>""Select count(*) as value, '' as key, '' as content, 'Total Institutions' as title, '' as diff_in_value from impl_aggregation_relations where impl_parent_genre='country' and impl_child_genre='data_provider' and impl_parent_id = '2'"", ""format""=>""json"", ""method""=>""get"", ""number_of_rows""=>""1"", ""number_of_columns""=>""5"", ""refresh_frequency""=>""0""",,,"2015-11-27 21:39:36.225438","2016-05-04 05:49:13.848458","{}","{""value"":{""data_type"":""integer"",""d_or_m"":""m"",""data_distribution"":{""string"":0,""boolean"":0,""float"":0,""integer"":1,""date"":0,""blank"":0}},""key"":{""data_type"":""string"",""d_or_m"":""d"",""data_distribution"":{""string"":0,""boolean"":0,""float"":0,""integer"":0,""date"":0,""blank"":1}},""content"":{""data_type"":""string"",""d_or_m"":""d"",""data_distribution"":{""string"":0,""boolean"":0,""float"":0,""integer"":0,""date"":0,""blank"":1}},""title"":{""data_type"":""string"",""d_or_m"":""d"",""data_distribution"":{""string"":1,""boolean"":0,""float"":0,""integer"":0,""date"":0,""blank"":0}},""diff_in_value"":{""data_type"":""string"",""d_or_m"":""d"",""data_distribution"":{""string"":0,""boolean"":0,""float"":0,""integer"":0,""date"":0,""blank"":1}}}","2016-05-04 05:49:13.823114","2016-03-04 06:08:35.519482",9,0.02208341575,87,"spain-providers-count",""
8,1,1,"COUNTRY spain - Top Digital Objects","fb4310caf6b7f5a8e1e6a4bf50617e1a45dfac8d0b01c7c20d8287f6833477b998","""error""=>"""", ""query""=>""Select year,month, value,image_url,title_url,title  from (Select split_part(ta.aggregation_level_value,'_',1) as year, split_part(ta.aggregation_level_value, '_',2) as month, sum(ta.value) as value,ta.aggregation_index, output_properties -> 'image_url' as image_url, output_properties -> 'title_url' as title_url, output_value as title, ROW_NUMBER() OVER (PARTITION BY  split_part(ta.aggregation_level_value,'_',1), split_part(ta.aggregation_level_value, '_',2) order by split_part(ta.aggregation_level_value,'_',1), split_part(ta.aggregation_level_value, '_',2), sum(value) desc) AS row  from core_time_aggregations ta, (Select o.id as output_id, o.key as output_key, o.value as output_value, o.properties as output_properties from impl_outputs o where o.impl_parent_id = 2 and genre='top_digital_objects') as b where ta.parent_id = b.output_id group by split_part(ta.aggregation_level_value,'_',1), split_part(ta.aggregation_level_value, '_',2), ta.aggregation_value_to_display, ta.metric,ta.aggregation_index, output_properties -> 'image_url', output_properties -> 'title_url', output_value order by split_part(ta.aggregation_level_value,'_',1), split_part(ta.aggregation_level_value, '_',2), value desc) as final_output where row < 25 and year::integer in (2014,2015,2016);"", ""format""=>""json"", ""method""=>""get"", ""number_of_rows""=>""24"", ""number_of_columns""=>""6"", ""refresh_frequency""=>""0""",,,"2015-11-27 21:39:35.875124","2016-05-04 05:49:22.107776","{}","{""year"":{""data_type"":""integer"",""d_or_m"":""m"",""data_distribution"":{""string"":0,""boolean"":0,""float"":0,""integer"":24,""date"":0,""blank"":0}},""month"":{""data_type"":""string"",""d_or_m"":""d"",""data_distribution"":{""string"":24,""boolean"":0,""float"":0,""integer"":0,""date"":0,""blank"":0}},""value"":{""data_type"":""integer"",""d_or_m"":""m"",""data_distribution"":{""string"":0,""boolean"":0,""float"":0,""integer"":24,""date"":0,""blank"":0}},""image_url"":{""data_type"":""string"",""d_or_m"":""d"",""data_distribution"":{""string"":24,""boolean"":0,""float"":0,""integer"":0,""date"":0,""blank"":0}},""title_url"":{""data_type"":""string"",""d_or_m"":""d"",""data_distribution"":{""string"":24,""boolean"":0,""float"":0,""integer"":0,""date"":0,""blank"":0}},""title"":{""data_type"":""string"",""d_or_m"":""d"",""data_distribution"":{""string"":24,""boolean"":0,""float"":0,""integer"":0,""date"":0,""blank"":0}}}","2016-05-04 05:49:22.094665","2016-04-08 04:50:00.407074",156,0.460287542796451,11022,"spain-top-digital-objects",""
